{
  "Ansi 6 Color" : {
    "Red Component" : 0.3439984023571014,
    "Color Space" : "Calibrated",
    "Blue Component" : 0.5808623433113098,
    "Alpha Component" : 1,
    "Green Component" : 0.7291523218154907
  },
  "Tags" : [

  ],
  "Ansi 12 Color" : {
    "Red Component" : 0.4339600205421448,
    "Color Space" : "Calibrated",
    "Blue Component" : 0.8061292171478271,
    "Alpha Component" : 1,
    "Green Component" : 0.6775826811790466
  },
  "Ansi 7 Color" : {
    "Red Component" : 1,
    "Color Space" : "Calibrated",
    "Blue Component" : 0.9999912977218628,
    "Alpha Component" : 1,
    "Green Component" : 0.9999743700027466
  },
  "Ansi 8 Color" : {
    "Red Component" : 0.5075539350509644,
    "Color Space" : "Calibrated",
    "Blue Component" : 0.3835532069206238,
    "Alpha Component" : 1,
    "Green Component" : 0.4603890776634216
  },
  "Bold Color" : {
    "Red Component" : 0.7494897842407227,
    "Color Space" : "Calibrated",
    "Blue Component" : 0.5900998115539551,
    "Alpha Component" : 1,
    "Green Component" : 0.6841374039649963
  },
  "Ansi 9 Color" : {
    "Red Component" : 0.7739995718002319,
    "Color Space" : "Calibrated",
    "Blue Component" : 0.2547786831855774,
    "Alpha Component" : 1,
    "Green Component" : 0.2457757592201233
  },
  "Ansi 4 Color" : {
    "Red Component" : 0.4339600205421448,
    "Color Space" : "Calibrated",
    "Blue Component" : 0.8061292171478271,
    "Alpha Component" : 1,
    "Green Component" : 0.6775826811790466
  },
  "Right Option Key Sends" : 0,
  "Rows" : 25,
  "Default Bookmark" : "No",
  "Cursor Guide Color" : {
    "Red Component" : 0.65,
    "Color Space" : "Calibrated",
    "Blue Component" : 1,
    "Alpha Component" : 0.25,
    "Green Component" : 0.91
  },
  "Non-ASCII Anti Aliased" : true,
  "Use Bright Bold" : true,
  "Ansi 10 Color" : {
    "Red Component" : 0.567956268787384,
    "Color Space" : "Calibrated",
    "Blue Component" : 0.419497162103653,
    "Alpha Component" : 1,
    "Green Component" : 0.7064241766929626
  },
  "Ambiguous Double Width" : false,
  "Jobs to Ignore" : [
    "rlogin",
    "ssh",
    "slogin",
    "telnet"
  ],
  "Ansi 15 Color" : {
    "Green Component" : 1,
    "Red Component" : 1,
    "Blue Component" : 1
  },
  "Foreground Color" : {
    "Red Component" : 0.7494897842407227,
    "Color Space" : "Calibrated",
    "Blue Component" : 0.5900998115539551,
    "Alpha Component" : 1,
    "Green Component" : 0.6841374039649963
  },
  "Bound Hosts" : [

  ],
  "Working Directory" : "\/Users\/pontusnagy",
  "Blinking Cursor" : true,
  "Use Tab Color" : false,
  "Sync Title" : false,
  "Prompt Before Closing 2" : false,
  "BM Growl" : true,
  "Command" : "",
  "Description" : "Default",
  "Disable Window Resizing" : true,
  "Mouse Reporting" : true,
  "Screen" : -1,
  "Selection Color" : {
    "Red Component" : 0.3029504120349884,
    "Color Space" : "Calibrated",
    "Blue Component" : 0.2325267195701599,
    "Alpha Component" : 1,
    "Green Component" : 0.275245875120163
  },
  "Columns" : 80,
  "Idle Code" : 0,
  "Ansi 13 Color" : {
    "Red Component" : 0.6844236254692078,
    "Color Space" : "Calibrated",
    "Blue Component" : 0.8821693658828735,
    "Alpha Component" : 1,
    "Green Component" : 0.5894800424575806
  },
  "Custom Command" : "No",
  "ASCII Anti Aliased" : true,
  "Non Ascii Font" : "Monaco 12",
  "Vertical Spacing" : 1,
  "Use Bold Font" : true,
  "Option Key Sends" : 0,
  "Selected Text Color" : {
    "Red Component" : 0.7494897842407227,
    "Color Space" : "Calibrated",
    "Blue Component" : 0.5900998115539551,
    "Alpha Component" : 1,
    "Green Component" : 0.6841374039649963
  },
  "Background Color" : {
    "Red Component" : 0.1503047347068787,
    "Color Space" : "Calibrated",
    "Blue Component" : 0.1176939234137535,
    "Alpha Component" : 1,
    "Green Component" : 0.1387514919042587
  },
  "Character Encoding" : 4,
  "Ansi 11 Color" : {
    "Red Component" : 0.9769090414047241,
    "Color Space" : "Calibrated",
    "Blue Component" : 0.3245657384395599,
    "Alpha Component" : 1,
    "Green Component" : 0.5733543038368225
  },
  "Use Italic Font" : true,
  "Unlimited Scrollback" : false,
  "Keyboard Map" : {
    "0xf700-0x260000" : {
      "Action" : 10,
      "Text" : "[1;6A"
    },
    "0x37-0x40000" : {
      "Action" : 11,
      "Text" : "0x1f"
    },
    "0x32-0x40000" : {
      "Action" : 11,
      "Text" : "0x00"
    },
    "0xf709-0x20000" : {
      "Action" : 10,
      "Text" : "[17;2~"
    },
    "0xf70c-0x20000" : {
      "Action" : 10,
      "Text" : "[20;2~"
    },
    "0xf729-0x20000" : {
      "Action" : 10,
      "Text" : "[1;2H"
    },
    "0xf72b-0x40000" : {
      "Action" : 10,
      "Text" : "[1;5F"
    },
    "0xf705-0x20000" : {
      "Action" : 10,
      "Text" : "[1;2Q"
    },
    "0xf703-0x260000" : {
      "Action" : 10,
      "Text" : "[1;6C"
    },
    "0xf700-0x220000" : {
      "Action" : 10,
      "Text" : "[1;2A"
    },
    "0xf701-0x280000" : {
      "Action" : 11,
      "Text" : "0x1b 0x1b 0x5b 0x42"
    },
    "0x38-0x40000" : {
      "Action" : 11,
      "Text" : "0x7f"
    },
    "0x33-0x40000" : {
      "Action" : 11,
      "Text" : "0x1b"
    },
    "0xf703-0x220000" : {
      "Action" : 10,
      "Text" : "[1;2C"
    },
    "0xf701-0x240000" : {
      "Action" : 10,
      "Text" : "[1;5B"
    },
    "0xf70d-0x20000" : {
      "Action" : 10,
      "Text" : "[21;2~"
    },
    "0xf702-0x260000" : {
      "Action" : 10,
      "Text" : "[1;6D"
    },
    "0xf729-0x40000" : {
      "Action" : 10,
      "Text" : "[1;5H"
    },
    "0xf706-0x20000" : {
      "Action" : 10,
      "Text" : "[1;2R"
    },
    "0x34-0x40000" : {
      "Action" : 11,
      "Text" : "0x1c"
    },
    "0xf700-0x280000" : {
      "Action" : 11,
      "Text" : "0x1b 0x1b 0x5b 0x41"
    },
    "0x2d-0x40000" : {
      "Action" : 11,
      "Text" : "0x1f"
    },
    "0xf70e-0x20000" : {
      "Action" : 10,
      "Text" : "[23;2~"
    },
    "0xf702-0x220000" : {
      "Action" : 10,
      "Text" : "[1;2D"
    },
    "0xf703-0x280000" : {
      "Action" : 11,
      "Text" : "0x1b 0x1b 0x5b 0x43"
    },
    "0xf700-0x240000" : {
      "Action" : 10,
      "Text" : "[1;5A"
    },
    "0xf707-0x20000" : {
      "Action" : 10,
      "Text" : "[1;2S"
    },
    "0xf70a-0x20000" : {
      "Action" : 10,
      "Text" : "[18;2~"
    },
    "0x35-0x40000" : {
      "Action" : 11,
      "Text" : "0x1d"
    },
    "0xf70f-0x20000" : {
      "Action" : 10,
      "Text" : "[24;2~"
    },
    "0xf703-0x240000" : {
      "Action" : 10,
      "Text" : "[1;5C"
    },
    "0xf701-0x260000" : {
      "Action" : 10,
      "Text" : "[1;6B"
    },
    "0xf702-0x280000" : {
      "Action" : 11,
      "Text" : "0x1b 0x1b 0x5b 0x44"
    },
    "0xf72b-0x20000" : {
      "Action" : 10,
      "Text" : "[1;2F"
    },
    "0x36-0x40000" : {
      "Action" : 11,
      "Text" : "0x1e"
    },
    "0xf708-0x20000" : {
      "Action" : 10,
      "Text" : "[15;2~"
    },
    "0xf701-0x220000" : {
      "Action" : 10,
      "Text" : "[1;2B"
    },
    "0xf70b-0x20000" : {
      "Action" : 10,
      "Text" : "[19;2~"
    },
    "0xf702-0x240000" : {
      "Action" : 10,
      "Text" : "[1;5D"
    },
    "0xf704-0x20000" : {
      "Action" : 10,
      "Text" : "[1;2P"
    }
  },
  "Window Type" : 0,
  "Cursor Boost" : 0,
  "Cursor Type" : 2,
  "Background Image Location" : "",
  "Blur" : false,
  "Badge Color" : {
    "Red Component" : 1,
    "Color Space" : "Calibrated",
    "Blue Component" : 0,
    "Alpha Component" : 0.5,
    "Green Component" : 0
  },
  "Scrollback Lines" : 1000,
  "Send Code When Idle" : false,
  "Close Sessions On End" : true,
  "Terminal Type" : "xterm-256color",
  "Visual Bell" : true,
  "Flashing Bell" : false,
  "Badge Text" : "",
  "Silence Bell" : false,
  "Ansi 14 Color" : {
    "Red Component" : 0.3439984023571014,
    "Color Space" : "Calibrated",
    "Blue Component" : 0.5808623433113098,